RA,Dec,Magnitude
10.68458,41.26917,5.0
10.68458,41.26917,4.8
10.68458,41.26917,6.1
10.68458,41.26917,3.5
10.68458,41.26917,7.0
12.3294,-62.1192,6.0
14.2746,-63.4301,5.6
15.1343,-25.6123,4.5
5.1919,36.4911,5.1
2.5383,42.2191,3.9

